{
  "ndcg@10": 0.4659623861177506,
  "recall@10": 0.5220268665447653,
  "mrr": 0.493802296347525,
  "num_queries": 176,
  "avg_candidates": 55.33522727272727,
  "model": "Alibaba-NLP/gte-modernbert-base",
  "dim": 768,
  "num_negatives": 50,
  "dataset": "tasksource/esci test (US, small_version, 500q) + 50 pooled negatives/query"
}